3,3,0.0016400000000000858,2,0.003630000000000244
7,1,0.006940000000000168,5,0.011630000000000251
14,1,0.012480000000000269,1,0.013550000000000173
21,5,0.01682000000000028,0,0.017790000000000195
23,1,0.018300000000000205,0,0.019680000000000142
26,2,0.02000000000000024,2,0.020850000000000257
30,1,0.02261000000000024,0,0.022620000000000084
32,1,0.02422000000000013,3,0.027579999999999938
37,1,0.027799999999999825,0,0.028189999999999715
39,1,0.02931999999999979,1,0.03144999999999998
42,1,0.03205999999999998,2,0.03331000000000017
46,1,0.03404000000000029,0,0.034720000000000306
50,3,0.03853000000000062,4,0.04037000000000068
59,4,0.04454000000000069,0,0.04572000000000065
63,3,0.047160000000000535,0,0.048670000000000435
69,5,0.052320000000000366,0,0.05274000000000045
73,3,0.055210000000000425,0,0.0554100000000004
75,1,0.05550000000000055,0,0.055980000000000585
79,3,0.061000000000000165,0,0.061180000000000234
81,1,0.06144000000000016,1,0.06366000000000027
89,6,0.06565000000000021,1,0.06595000000000018
93,2,0.06716000000000011,0,0.06783000000000028
95,1,0.06867000000000023,0,0.06936000000000009
97,1,0.06959000000000004,3,0.0720200000000002
105,4,0.07410000000000028,2,0.07537000000000016
109,1,0.07610000000000028,0,0.07750000000000035
112,2,0.07980000000000054,0,0.08017000000000074
116,3,0.08156000000000074,0,0.08215000000000083
119,2,0.08322000000000074,1,0.0850300000000006
122,1,0.08582000000000067,1,0.0871800000000007
125,1,0.08766000000000074,3,0.09262000000000081
130,1,0.09334000000000087,1,0.0973300000000008
133,1,0.09834000000000076,0,0.09845000000000059
135,1,0.09901000000000049,3,0.0996400000000004
140,1,0.1001000000000003,2,0.1023000000000005
146,3,0.10353000000000034,0,0.10378000000000043
149,2,0.10446000000000044,0,0.10462000000000038
151,1,0.10517000000000043,0,0.10553000000000035
153,1,0.10609000000000024,1,0.10839000000000043
156,1,0.10956000000000032,0,0.10984000000000038
158,1,0.1106400000000003,2,0.11187000000000058
164,3,0.11691000000000074,0,0.11811000000000083
166,1,0.11819000000000068,1,0.1193600000000008
170,2,0.12089000000000083,1,0.12202000000000068
173,1,0.12262000000000062,0,0.12277000000000049
175,1,0.1233300000000006,1,0.12468000000000057
179,2,0.12589000000000072,4,0.1289700000000007
188,4,0.13057000000000074,2,0.1340400000000006
192,1,0.13408000000000064,0,0.13442000000000043
194,1,0.1345000000000005,0,0.1358000000000006
196,1,0.13747000000000065,2,0.13869000000000087
200,1,0.13895000000000102,0,0.13940000000000108
202,1,0.1407400000000012,1,0.14228000000000107
208,4,0.14356000000000146,0,0.14402000000000137
210,1,0.14468000000000125,1,0.1473300000000013
216,4,0.14893000000000134,0,0.1495300000000015
219,2,0.15052000000000132,0,0.15088000000000146
222,2,0.15193000000000145,0,0.15223000000000142
225,2,0.15339000000000125,0,0.1543300000000012
227,1,0.15568000000000137,2,0.15776000000000168
231,1,0.1589500000000017,0,0.1600000000000017
233,1,0.1613900000000017,1,0.16319000000000172
236,1,0.1633700000000018,0,0.1635400000000018
239,2,0.16533000000000198,0,0.16627000000000192
241,1,0.16634000000000193,1,0.1670000000000018
245,2,0.16733000000000176,3,0.16893000000000202
251,2,0.17068000000000194,1,0.17375000000000185
254,1,0.17721000000000187,2,0.17876000000000203
259,2,0.18013000000000234,0,0.18086000000000246
261,1,0.18097000000000252,0,0.1820500000000025
263,1,0.18371000000000248,0,0.1841400000000024
265,1,0.18447000000000235,3,0.1858800000000025
270,1,0.18647000000000236,0,0.18700000000000228
272,1,0.1875500000000021,5,0.19178000000000228
279,1,0.19225000000000225,0,0.19327000000000227
282,2,0.19369000000000236,1,0.1941000000000026
285,1,0.19424000000000263,5,0.19713000000000247
293,2,0.19764000000000248,1,0.20018000000000247
296,1,0.20038000000000245,0,0.2018300000000024
299,2,0.20253000000000232,1,0.20340000000000202
303,2,0.203870000000002,1,0.20597000000000198
308,3,0.20800000000000196,0,0.20846000000000187
311,2,0.20950000000000202,4,0.21152000000000215
317,1,0.2131000000000023,2,0.21384000000000225
322,2,0.21500000000000208,0,0.21540000000000203
326,3,0.21828000000000203,0,0.21945000000000214
331,4,0.222240000000002,1,0.22272000000000203
337,4,0.22405000000000208,3,0.2253900000000022
343,2,0.22558000000000233,3,0.22833000000000236
349,2,0.23039000000000232,0,0.23165000000000235
351,1,0.23221000000000247,0,0.23321000000000258
356,4,0.23479000000000272,0,0.23893000000000275
359,2,0.2405300000000028,2,0.24343000000000292
363,1,0.2443100000000029,0,0.24494000000000282
365,1,0.24538000000000282,7,0.25368000000000235
375,2,0.25539000000000245,2,0.2565200000000025
380,2,0.25837000000000243,0,0.2584300000000024
384,3,0.26054000000000244,2,0.2617600000000022
388,1,0.2628600000000021,0,0.26333000000000206
390,1,0.2634000000000021,3,0.26689000000000185
395,1,0.2675800000000019,0,0.26818000000000186
398,2,0.2686600000000019,0,0.269590000000002
401,2,0.27003000000000177,0,0.2702400000000016
404,2,0.2732400000000015,2,0.2750900000000014
408,1,0.2755700000000014,0,0.27576000000000156
410,1,0.2767500000000016,1,0.2771400000000015
414,2,0.2801600000000015,0,0.2824600000000015
420,5,0.284050000000001,0,0.284520000000001
423,2,0.28667000000000087,0,0.2881700000000009
426,2,0.2889100000000011,0,0.28929000000000116
429,2,0.29141000000000106,0,0.29273000000000104
433,3,0.2939600000000011,0,0.29459000000000124
435,1,0.29578000000000104,1,0.29634000000000094
439,2,0.29831000000000096,0,0.2985000000000011
441,1,0.2994500000000011,4,0.30152000000000134
448,2,0.3039700000000014,1,0.30669000000000124
453,3,0.30892000000000097,3,0.31446000000000085
458,1,0.31468000000000096,0,0.31473000000000106
460,1,0.31503000000000103,0,0.315090000000001
462,1,0.3162500000000008,0,0.31709000000000076
464,1,0.31731000000000087,1,0.31756000000000095
467,1,0.3176700000000008,1,0.31953000000000076
470,1,0.3198200000000009,1,0.32151000000000085
474,2,0.32269000000000103,0,0.32339000000000095
476,1,0.3241800000000008,1,0.32454000000000094
479,1,0.3258400000000008,2,0.3276500000000009
483,1,0.327670000000001,0,0.32771000000000106
486,2,0.3279300000000007,0,0.32880000000000087
490,3,0.33103000000000105,0,0.33333000000000124
494,3,0.33823000000000114,0,0.33901000000000114
496,1,0.3397300000000012,0,0.3397300000000012
499,2,0.3414900000000012,0,0.3415100000000011
502,2,0.341970000000001,0,0.34215000000000106
505,2,0.3440500000000011,0,0.34418000000000104
508,2,0.3469500000000012,1,0.34779000000000115
512,2,0.3484300000000011,1,0.34918000000000116
515,1,0.34970000000000123,6,0.35398000000000174
523,1,0.35486000000000173,0,0.3551300000000017
525,1,0.35517000000000176,1,0.3559600000000016
529,2,0.35653000000000157,3,0.3602600000000016
538,5,0.3618600000000014,4,0.3656200000000014
544,1,0.3667900000000015,0,0.3680300000000014
546,1,0.36863000000000135,0,0.3693000000000015
548,1,0.3695700000000015,4,0.3725500000000015
557,4,0.3734900000000012,5,0.3765400000000012
565,2,0.3781500000000013,0,0.3794200000000014
568,2,0.38123000000000173,2,0.38181000000000176
573,2,0.38248000000000193,0,0.38325000000000187
575,1,0.3835800000000018,0,0.38428000000000173
577,1,0.3843400000000017,1,0.38498000000000165
580,1,0.3858900000000016,2,0.3879200000000016
586,3,0.3883800000000017,0,0.3883800000000017
588,1,0.3890000000000018,1,0.38930000000000176
592,2,0.3903200000000018,0,0.3911400000000016
596,3,0.39189000000000185,1,0.39248000000000194
601,3,0.39455000000000195,0,0.395370000000002
603,1,0.395540000000002,0,0.3957700000000022
605,1,0.39585000000000226,4,0.39822000000000224
613,3,0.40701000000000254,5,0.41096000000000243
621,2,0.4126000000000025,2,0.41372000000000275
625,1,0.4140700000000028,1,0.4142900000000027
628,1,0.4149700000000027,4,0.4173800000000025
636,3,0.4185000000000023,2,0.42117000000000226
640,1,0.42215000000000225,2,0.4237500000000025
644,1,0.42403000000000235,4,0.4255800000000023
651,2,0.42593000000000214,0,0.42610000000000214
653,1,0.426250000000002,4,0.4307100000000019
659,1,0.43078000000000194,0,0.43107000000000184
662,2,0.4333500000000019,1,0.43424000000000196
665,1,0.4343700000000019,0,0.434990000000002
667,1,0.4356400000000018,0,0.4359600000000017
669,1,0.4364000000000017,0,0.43748000000000165
673,3,0.4389300000000018,0,0.43900000000000183
675,1,0.43948000000000187,2,0.44166000000000194
680,2,0.44300000000000184,1,0.4436900000000019
683,1,0.445800000000002,0,0.44710000000000205
686,2,0.44822000000000206,1,0.4502600000000021
689,1,0.4508500000000022,0,0.45094000000000234
691,1,0.4517800000000025,0,0.4523900000000025
693,1,0.4530000000000025,1,0.4604200000000027
697,2,0.4609100000000024,0,0.4610000000000023
703,5,0.4634100000000023,0,0.4640500000000023
705,1,0.4643100000000022,0,0.46435000000000226
707,1,0.4651900000000022,1,0.4695300000000022
714,5,0.47492000000000223,1,0.4753900000000024
717,1,0.47606000000000237,0,0.47616000000000236
721,3,0.4773200000000024,1,0.47816000000000236
724,1,0.47836000000000234,0,0.4783900000000023
727,2,0.48004000000000246,0,0.4803200000000025
729,1,0.4813300000000027,0,0.48147000000000273
731,1,0.48151000000000277,3,0.4839600000000026
736,1,0.4847400000000026,2,0.48580000000000245
740,1,0.48590000000000244,2,0.4876200000000024
744,1,0.48768000000000233,0,0.4883300000000024
746,1,0.4886100000000022,0,0.4889600000000023
749,2,0.4892900000000022,0,0.4898800000000021
751,1,0.49023000000000194,2,0.4921500000000021
756,2,0.4945900000000021,2,0.4968600000000021
761,2,0.4977600000000022,1,0.49894000000000216
765,2,0.49962000000000195,1,0.49986000000000197
769,2,0.501360000000002,1,0.501620000000002
775,4,0.502950000000002,5,0.5074500000000022
782,1,0.5075700000000023,0,0.5084600000000021
784,1,0.5087300000000021,0,0.5090600000000021
787,2,0.5096700000000021,0,0.5100600000000022
790,2,0.5111400000000021,5,0.5130400000000022
797,1,0.5135000000000023,0,0.5136900000000024
800,2,0.5149100000000026,0,0.5149200000000027
803,2,0.5157700000000027,2,0.5189100000000026
810,4,0.5213900000000027,0,0.5219700000000025
813,2,0.5226100000000025,0,0.5228600000000025
815,1,0.5232300000000025,0,0.5235600000000025
819,3,0.5249800000000024,1,0.5256500000000026
822,1,0.5260400000000025,0,0.5269600000000025
824,1,0.5269700000000024,4,0.5328800000000025
830,1,0.5340500000000024,2,0.5351700000000024
834,1,0.5361300000000022,0,0.5372600000000021
837,2,0.5383900000000019,0,0.5386800000000018
841,3,0.5406000000000017,5,0.5446400000000013
852,5,0.5490400000000013,0,0.5503100000000014
854,1,0.5504600000000015,1,0.5509700000000017
857,1,0.5513600000000016,0,0.5519800000000015
859,1,0.5525400000000014,0,0.5532000000000015
862,2,0.5548300000000015,1,0.5562800000000014
865,1,0.5567100000000014,2,0.5588700000000011
872,4,0.5624400000000012,3,0.5645100000000012
877,1,0.5656700000000012,0,0.5661400000000012
879,1,0.5667500000000012,2,0.5676600000000012
883,1,0.5683700000000012,0,0.5689600000000012
889,5,0.571500000000001,1,0.5725000000000009
892,1,0.5727700000000009,2,0.5751100000000011
896,1,0.575400000000001,1,0.5758500000000011
903,5,0.579900000000001,0,0.580750000000001
906,2,0.581700000000001,1,0.5818800000000008
913,5,0.5827700000000005,2,0.5837400000000006
920,4,0.5861800000000006,0,0.5866700000000007
923,2,0.5897200000000007,2,0.5910800000000007
927,1,0.5913200000000007,1,0.5918600000000007
930,1,0.5927900000000006,2,0.5937200000000007
936,3,0.5962200000000009,1,0.5967700000000009
939,1,0.597190000000001,1,0.5986200000000008
946,5,0.6014100000000009,2,0.6023700000000007
950,1,0.6031800000000007,0,0.6034100000000007
954,3,0.6045100000000008,2,0.6046500000000008
959,2,0.6053000000000008,3,0.6069400000000007
964,1,0.6079900000000007,2,0.6089500000000005
970,3,0.6094100000000005,1,0.6101600000000005
973,1,0.6104900000000006,0,0.6108400000000007
975,1,0.6110900000000008,0,0.6112400000000009
977,1,0.6112900000000008,0,0.6119600000000007
979,1,0.6134400000000009,2,0.6142500000000009
984,2,0.6164100000000008,0,0.6171500000000008
987,2,0.6176800000000009,4,0.6193800000000009
995,3,0.620270000000001,3,0.6224700000000007
1001,2,0.6234300000000008,2,0.6249500000000008
1007,3,0.6250600000000008,1,0.6267300000000009
1010,1,0.6277800000000009,0,0.6283100000000008
1013,2,0.6288500000000008,0,0.6289800000000008
1015,1,0.6303300000000007,0,0.6303600000000007
1019,3,0.6312000000000009,0,0.633450000000001
1022,2,0.6348200000000008,0,0.6348300000000007
1024,1,0.6353100000000007,5,0.636980000000001
1032,2,0.6381000000000008,5,0.6403500000000009
1039,1,0.641420000000001,2,0.6431500000000008
1049,7,0.6459300000000008,0,0.6463300000000007
1053,3,0.6473700000000007,1,0.6499200000000007
1062,7,0.6563400000000008,0,0.6568000000000007
1064,1,0.6569400000000007,1,0.6587900000000007
1070,4,0.6634600000000004,0,0.6649200000000004
1072,1,0.6651800000000003,1,0.6666400000000003
1075,1,0.6670900000000004,0,0.6674700000000002
1078,2,0.6692700000000003,0,0.6695300000000002
1080,1,0.6705700000000003,1,0.6721300000000006
1083,1,0.6723100000000004,0,0.6739000000000004
1085,1,0.6747000000000003,0,0.6755200000000003
1087,1,0.6764200000000005,0,0.6764800000000006
1089,1,0.6772500000000006,0,0.6836100000000005
1094,4,0.6889800000000006,0,0.6893100000000008
1099,4,0.6915800000000005,0,0.6917800000000005
1101,1,0.6936800000000005,2,0.6956900000000008
1106,2,0.6961400000000009,2,0.6989200000000011
1111,2,0.6991600000000011,3,0.7040700000000013
1116,1,0.7068100000000013,1,0.7070600000000014
1119,1,0.7073900000000013,0,0.7075100000000012
1122,2,0.7083600000000014,4,0.7109100000000015
1128,1,0.7113900000000015,0,0.7114000000000016
1130,1,0.7118600000000015,0,0.7127600000000016
1133,2,0.714070000000002,2,0.7174100000000019
1137,1,0.717670000000002,3,0.7206900000000023
1143,2,0.7215900000000024,0,0.7229000000000025
1145,1,0.7233900000000024,0,0.7235900000000024
1147,1,0.7236600000000024,0,0.7241000000000024
1151,3,0.7253700000000025,0,0.7278100000000025
1154,2,0.7284000000000026,1,0.7295200000000026
1157,1,0.7305700000000026,0,0.7314400000000025
1159,1,0.7315200000000026,1,0.7326200000000027
1162,1,0.7328300000000028,3,0.7344300000000026
1170,4,0.7353600000000022,1,0.7359800000000021
1173,1,0.736440000000002,0,0.7370300000000021
1176,2,0.740650000000002,0,0.7416800000000021
1179,2,0.7420200000000021,1,0.7449300000000023
1184,3,0.7482900000000021,0,0.749530000000002
1187,2,0.750410000000002,0,0.7512400000000021
1191,3,0.7529800000000022,0,0.7530500000000022
1193,1,0.7538100000000023,0,0.7538700000000023
1195,1,0.7545700000000024,0,0.7550500000000024
1198,2,0.7555800000000021,0,0.7556200000000022
1200,1,0.7557500000000021,0,0.7567200000000021
1202,1,0.756740000000002,1,0.757280000000002
1205,1,0.7575400000000019,0,0.7576300000000018
1207,1,0.7587300000000019,1,0.7593500000000017
1212,3,0.7608800000000016,0,0.7608900000000014
1214,1,0.7612300000000014,0,0.7618300000000013
1216,1,0.7618900000000015,0,0.7630300000000014
1219,2,0.7642300000000013,1,0.7654600000000011
1225,4,0.7703700000000013,0,0.7726200000000012
1228,2,0.7732800000000011,1,0.774350000000001
1231,1,0.776010000000001,0,0.776830000000001
1235,3,0.779160000000001,0,0.7795500000000009
1241,5,0.7852800000000009,0,0.7870400000000009
1243,1,0.7881900000000008,0,0.7893900000000009
1246,2,0.7894600000000007,5,0.7925200000000008
1254,2,0.793300000000001,0,0.7936600000000009
1258,3,0.7946800000000012,0,0.7950200000000012
1260,1,0.7951300000000012,0,0.7959200000000013
1262,1,0.7959500000000013,0,0.7967900000000012
1264,1,0.7976600000000011,0,0.798250000000001
1267,2,0.798920000000001,1,0.799530000000001
1270,1,0.800350000000001,0,0.8011100000000011
1273,2,0.8033100000000009,4,0.8061400000000007
1279,1,0.8070000000000008,0,0.8078300000000007
1282,2,0.8087100000000009,0,0.8092200000000009
1286,3,0.8136300000000007,0,0.8143800000000008
1289,2,0.8150900000000008,1,0.816310000000001
1294,3,0.8178900000000011,1,0.8193500000000011
1298,2,0.8206500000000012,3,0.8229400000000016
1304,2,0.8245800000000016,1,0.8256600000000016
1308,2,0.8271700000000017,1,0.8274300000000019
1312,2,0.828490000000002,1,0.829920000000002
1318,4,0.8318000000000019,1,0.8343600000000018
1322,2,0.8352300000000019,2,0.8380100000000017
1327,2,0.8387200000000017,0,0.8394700000000017
1334,6,0.8432300000000017,0,0.8435400000000017
1336,1,0.8445700000000018,0,0.8451400000000018
1339,2,0.8461300000000018,0,0.8468500000000019
1341,1,0.8475900000000018,1,0.8497700000000017
1344,1,0.8499900000000018,0,0.8500800000000017
1350,5,0.853720000000002,1,0.8554900000000021
1354,2,0.8562700000000023,0,0.8568600000000022
1357,2,0.8583100000000021,2,0.8595700000000024
1361,1,0.8598500000000024,0,0.8603500000000024
1368,6,0.864080000000002,1,0.865640000000002
1372,2,0.8668100000000023,0,0.8685700000000023
1374,1,0.8688700000000023,1,0.8709200000000024
1379,3,0.8728100000000023,2,0.8734200000000023
1383,1,0.8737400000000024,1,0.8749200000000024
1386,1,0.8762700000000023,0,0.8787400000000023
1389,2,0.8795700000000024,0,0.8799500000000025
1391,1,0.8825800000000024,1,0.8832300000000024
1394,1,0.8833600000000024,0,0.8835700000000024
1396,1,0.8845800000000024,2,0.8887100000000021
1400,1,0.8902200000000022,1,0.8908500000000024
1403,1,0.8916900000000023,0,0.8918300000000023
1405,1,0.8923500000000024,0,0.8932800000000023
1407,1,0.8933200000000023,0,0.8937800000000022
1410,2,0.8941700000000024,0,0.8943600000000023
1412,1,0.8954300000000022,4,0.897540000000002
1418,1,0.897910000000002,0,0.898820000000002
1420,1,0.900590000000002,1,0.9017400000000022
1424,2,0.901880000000002,0,0.902120000000002
1430,5,0.9075500000000019,0,0.9087100000000019
1434,3,0.9107100000000021,5,0.9133500000000021
1441,1,0.9143300000000021,0,0.9145000000000021
1444,2,0.915340000000002,0,0.9154500000000021
1446,1,0.9181300000000021,1,0.9182300000000021
1449,1,0.9183700000000021,0,0.919330000000002
1453,3,0.9235600000000017,0,0.9249200000000017
1455,1,0.9251900000000017,0,0.9252000000000018
1458,2,0.9261200000000018,0,0.9263200000000018
1462,3,0.9272200000000017,0,0.9284900000000018
1464,1,0.9287500000000017,0,0.9301400000000017
1466,1,0.9304500000000018,2,0.9317500000000016
1471,2,0.9326600000000016,1,0.9337800000000016
1475,2,0.9340000000000017,1,0.9344000000000017
1482,5,0.9366500000000018,0,0.9366700000000019
1485,2,0.9369000000000021,0,0.9376800000000021
1488,2,0.9380300000000019,2,0.9394700000000018
1492,1,0.9399700000000017,0,0.9402700000000017
1499,6,0.9443800000000018,1,0.9448200000000018
1503,2,0.9454900000000017,2,0.9462400000000017
1507,1,0.9467900000000016,0,0.9471100000000017
1509,1,0.9474300000000018,0,0.9476400000000016
1516,6,0.9499600000000017,0,0.9508600000000018
1519,2,0.9526800000000017,1,0.9533800000000017
1526,5,0.9586600000000018,0,0.958880000000002
1529,2,0.9602600000000021,1,0.9612500000000022
1540,9,0.9661900000000019,0,0.966780000000002
1543,2,0.9680600000000019,1,0.970040000000002
1546,1,0.9715600000000022,2,0.9747600000000023
1550,1,0.9752800000000021,0,0.9757500000000021
1552,1,0.9766900000000021,0,0
1567,4,0.9839500000000021,0,0.9847500000000022
1569,1,0.9856200000000024,1,0.9886400000000024
1572,1,0.9893300000000025,2,0.9897900000000024
1576,1,0.9899200000000024,0,0.9902800000000023
1578,1,0.9906500000000023,1,0.9911400000000021
1581,1,0.991630000000002,0,0.9917200000000019
1583,1,0.9948900000000018,0,0.9960700000000018
1585,1,0.9963100000000018,1,0.9966200000000016
1590,3,0.9992100000000015,0,0.9993800000000015
1598,7,1.0015900000000013,0,1.0020500000000014
1600,1,1.0030100000000015,0,1.0038700000000016
1602,1,1.0039300000000015,0,1.0041600000000015
1606,3,1.0056500000000015,1,1.0060100000000014
1610,2,1.0111500000000013,2,1.0126400000000013
1619,6,1.0188600000000012,0,1.0189300000000012
1621,1,1.0190200000000011,1,1.0206900000000014
1626,3,1.0210900000000016,0,1.0214300000000016
1630,3,1.0221900000000017,0,1.0229300000000017
1632,1,1.0233700000000017,3,1.0255300000000014
1637,1,1.0260800000000014,0,1.0261300000000013
1639,1,1.0262700000000013,2,1.0269000000000013
1645,3,1.031210000000001,1,1.0317700000000012
1650,3,1.033140000000001,2,1.0349500000000011
1654,1,1.0355600000000011,2,1.041510000000001
1658,1,1.0428600000000012,1,1.0441300000000013
1662,2,1.0466100000000014,2,1.0481700000000014
1668,3,1.0533800000000013,0,1.0542600000000013
1672,3,1.0619500000000013,3,1.0641200000000013
1677,1,1.0655900000000011,1,1.067560000000001
1680,1,1.068790000000001,0,1.0699700000000012
1689,8,1.0775900000000014,1,1.0814500000000014
1693,2,1.0834300000000012,1,1.085860000000001
1696,1,1.0870000000000009,0,1.0870900000000008
1698,1,1.0873300000000008,0,1.087700000000001
1702,3,1.0893300000000012,0,1.0895000000000012
1705,2,1.090390000000001,0,1.0932100000000011
1711,5,1.0983500000000008,1,1.0988000000000009
1718,5,1.101800000000001,2,1.103360000000001
1722,1,1.1040900000000011,4,1.1064000000000016
1729,2,1.1072300000000017,1,1.1092900000000017
1736,5,1.1137200000000018,0,1.115200000000002
1738,1,1.116080000000002,0,1.118660000000002
1742,3,1.121850000000002,7,1.126740000000002
1752,2,1.1287700000000023,0,1.1299000000000021
1754,1,1.131040000000002,0,1.131200000000002
1758,3,1.1326400000000019,0,1.1339300000000019
1760,1,1.135030000000002,1,1.137510000000002
1764,2,1.140770000000002,0,1.140870000000002
1768,3,1.142160000000002,0,1.1430200000000021
1772,3,1.143350000000002,1,1.1442600000000023
1777,3,1.1467500000000024,0,1.1472200000000023
1782,4,1.1523500000000024,3,1.1550600000000024
1787,1,1.1568800000000024,0,1.1579100000000024
1790,2,1.1587500000000026,0,1.1589100000000025
1793,2,1.1598400000000026,3,1.1610600000000026
1799,2,1.1646200000000029,0,1.1651800000000028
1801,1,1.1670300000000027,1,1.1684000000000028
1804,1,1.1688500000000028,3,1.172540000000003
1809,1,1.172600000000003,0,1.176150000000003
1813,3,1.180250000000003,2,1.1818700000000029
1820,4,1.1841600000000028,0,1.1861700000000028
1822,1,1.1871800000000028,2,1.1902800000000027
1828,3,1.1930600000000027,1,1.1954500000000028
1831,1,1.1964700000000028,1,1.197740000000003
1835,2,1.198710000000003,0,1.2002200000000032
1837,1,1.201460000000003,0,1.2022800000000031
1840,2,1.2043600000000032,0,1.2053400000000032
1842,1,1.2062500000000032,1,1.2074500000000032
1846,2,1.2099900000000032,1,1.2119700000000033
1849,1,1.2120100000000031,1,1.214340000000003
1857,6,1.2168800000000033,3,1.2198100000000032
1866,5,1.221350000000003,2,1.2229400000000032
1871,2,1.2253600000000033,0,1.2254700000000034
1875,3,1.2265500000000036,0,1.2266300000000037
1878,2,1.2281400000000038,3,1.2324900000000036
1884,2,1.2396800000000037,1,1.2442300000000037
1887,1,1.2446300000000037,1,1.2460400000000038
1897,8,1.2522000000000042,0,1.2529500000000042
1899,1,1.2552600000000043,0,1.2559100000000043
1901,1,1.2560300000000044,2,1.2605900000000043
1905,1,1.2616600000000042,0,1.2630700000000041
1907,1,1.2647700000000042,1,1.2689300000000043
1913,4,1.2716100000000046,0,1.2725500000000045
1919,5,1.2780300000000042,0,1.2784400000000042
1921,1,1.2791200000000043,2,1.2803700000000044
1925,1,1.2808100000000044,4,1.2835500000000042
1938,8,1.2902700000000038,0,1.2921000000000038
1942,3,1.2941600000000038,2,1.2956100000000037
1947,2,1.2958700000000036,3,1.2986200000000037
1955,4,1.3014800000000037,0,1.3020100000000037
1957,1,1.3026600000000037,0,1.3042000000000038
1959,1,1.3046600000000037,0,1.3049800000000036
1961,1,1.3051700000000035,0,1.3055900000000036
1964,2,1.3061700000000036,0,1.3068500000000036
1967,2,1.3075800000000035,1,1.3097300000000034
1970,1,1.3099400000000032,2,1.3142500000000032
1974,1,1.3151600000000032,2,1.3162100000000032
1978,1,1.3170100000000031,0,1.317040000000003
1980,1,1.318120000000003,4,1.3197400000000032
1989,4,1.3248400000000033,0,1.3249000000000035
1991,1,1.3260700000000034,0,1.3270600000000035
1993,1,1.3277400000000035,0,1.3282600000000035
1995,1,1.3305000000000036,2,1.3325000000000036
1999,1,1.3335700000000035,1,1.3377700000000035
2003,2,1.3386100000000034,0,1.3414000000000033
2006,2,1.3451100000000034,2,1.3458600000000032
2010,1,1.3468400000000034,0,1.3468400000000034
2012,1,1.3475800000000033,0,1.3482100000000035
2014,1,1.3487700000000036,3,1.3543300000000036
2022,4,1.3564600000000038,0,1.3570400000000036
2025,2,1.3615100000000038,0,1.3626400000000038
2027,1,1.3631500000000039,0,1.3644600000000038
2030,2,1.3665300000000036,0,1.3672100000000036
2035,4,1.3691900000000037,0,1.3714100000000036
2037,1,1.3722000000000036,1,1.3722600000000038
2040,1,1.3738300000000039,0,1.3740200000000038
2042,1,1.3748100000000036,0,1.3754900000000037
2047,4,1.3787100000000034,0,1.3794100000000036
2050,2,1.3825000000000036,3,1.3872600000000035
2057,3,1.3889400000000034,0,1.3892900000000035
2059,1,1.3922500000000033,2,1.3941000000000034
2063,1,1.3945300000000034,3,1.3965500000000035
2069,2,1.3971900000000037,3,1.3994500000000039
2075,2,1.4014100000000038,1,1.4084700000000039
2080,3,1.411300000000004,2,1.413100000000004
2085,2,1.414660000000004,0,1.415040000000004
2089,3,1.418220000000004,1,1.420020000000004
2095,4,1.425110000000004,1,1.4268800000000041
2098,1,1.4280700000000042,0,1.4285800000000042
2103,4,1.4300700000000042,2,1.431600000000004
2107,1,1.431750000000004,0,1.432220000000004
2111,3,1.434400000000004,1,1.435600000000004
2116,3,1.4422000000000041,0,1.4428900000000042
2119,2,1.445170000000004,1,1.4462200000000038
2122,1,1.4479900000000039,0,1.448540000000004
2126,3,1.4525100000000037,0,1.4535300000000038
2128,1,1.4536500000000037,1,1.4547500000000038
2134,4,1.459400000000004,0,1.4603100000000042
2139,4,1.465580000000004,1,1.4688700000000043
2143,2,1.4701400000000044,0,1.4714500000000044
2145,1,1.4727700000000044,2,1.4760800000000043
2149,1,1.4767900000000043,2,1.4807000000000041
2156,4,1.487310000000004,0,1.4893400000000039
2161,4,1.496370000000004,0,1.4969300000000039
2163,1,1.497140000000004,1,1.498090000000004
2168,3,1.5005900000000039,0,1.5007100000000038
2171,2,1.5096400000000039,2,1.514550000000004
2175,1,1.515370000000004,0,1.515980000000004
2179,3,1.517910000000004,0,1.519250000000004
2181,1,1.519560000000004,0,1.520280000000004
2186,4,1.522590000000004,0,1.524550000000004
2188,1,1.525670000000004,0,1.5271000000000041
2190,1,1.529360000000004,2,1.5317800000000041
2195,2,1.532870000000004,2,1.535650000000004
2199,1,1.5356900000000038,0,1.5370600000000039
2201,1,1.5386500000000038,0,1.5389400000000037
2205,3,1.5421000000000036,0,1.5422500000000037
2207,1,1.5439700000000036,0,1.5451400000000035
2211,3,1.5476400000000035,0,1.5478300000000034
2213,1,1.5510100000000033,0,1.5525500000000032
2216,2,1.553810000000003,1,1.555420000000003
2219,1,1.556850000000003,2,1.561470000000003
2223,1,1.5620500000000028,0,1.564440000000003
2226,2,1.5666400000000031,3,1.5720300000000034
2232,2,1.5730800000000036,0,1.5750700000000037
2235,2,1.5796000000000037,4,1.5887300000000035
2242,2,1.5914200000000034,0,1.5927600000000033
2244,1,1.5946200000000035,0,1.5971000000000035
2249,4,1.6005900000000035,0,1.6021600000000036
2251,1,1.6032000000000037,0,1.6036100000000038
2253,1,1.6047000000000038,0,1.6052400000000038
2255,1,1.6074700000000037,0,1.6090800000000036
2257,1,1.6103400000000034,3,1.6126200000000033
2262,1,1.6145000000000032,2,1.621990000000003
2266,1,1.622280000000003,2,1.625940000000003
2270,1,1.6259600000000032,2,1.629330000000003
2274,1,1.630410000000003,0,1.632250000000003
2278,3,1.6370100000000032,1,1.6378600000000034
2281,1,1.6391400000000034,0,1.6405500000000033
2283,1,1.6413500000000032,0,1.6421900000000034
2286,2,1.6427500000000033,4,1.6458500000000031
2294,3,1.6500600000000032,1,1.6517800000000031
2298,2,1.6552200000000032,0,1.6556100000000034
2301,2,1.6572700000000031,1,1.6616200000000032
2304,1,1.6621300000000032,1,1.6637400000000033
2309,3,1.6649200000000035,0,1.6653100000000034
2311,1,1.6661500000000034,0,1.6674000000000033
2317,5,1.6737200000000032,1,1.6748200000000033
2320,1,1.6750300000000031,0,1.676950000000003
2322,1,1.678260000000003,0,1.678700000000003
2324,1,1.678900000000003,1,1.680700000000003
2336,10,1.6904700000000026,4,1.6949100000000026
2342,1,1.6953100000000025,0,1.6957000000000026
2345,2,1.6971300000000027,2,1.6986800000000029
2350,2,1.7005600000000027,4,1.7027900000000027
2356,1,1.7031500000000026,0,1.7043800000000027
2358,1,1.7046900000000027,0,1.7049100000000026
2361,2,1.7063900000000025,0,1.7067500000000027
2363,1,1.7068500000000026,0,1.7094000000000027
2365,1,1.7098800000000027,0,1.710520000000003
2371,5,1.7292800000000028,2,1.731680000000003
2375,1,1.735300000000003,0,1.7359900000000028
2377,1,1.737090000000003,0,1.7373500000000028
2379,1,1.738410000000003,0,1.739070000000003
2381,1,1.740900000000003,3,1.7443700000000029
2387,2,1.7465900000000028,2,1.7507900000000025
2392,2,1.7526000000000026,2,1.7546200000000025
2397,2,1.7557000000000025,1,1.7595700000000025
2402,3,1.7618400000000025,0,1.7641500000000025
2404,1,1.7649500000000025,2,1.7659900000000026
2408,1,1.7674300000000027,1,1.7755000000000027
2411,1,1.7791300000000028,0,1.7814000000000028
2413,1,1.7833600000000027,2,1.7883300000000029
2418,2,1.791320000000003,2,1.794750000000003
2424,3,1.797490000000003,0,1.798520000000003
2429,4,1.8020100000000032,6,1.8141600000000029
2437,1,1.817280000000003,1,1.8178100000000028
2442,3,1.820330000000003,2,1.823400000000003
2446,1,1.8260000000000032,1,1.827200000000003
2449,1,1.831270000000003,1,1.834870000000003
2452,1,1.8363100000000032,0,1.8376100000000033
2455,2,1.8398200000000031,3,1.8438500000000033
2460,1,1.8463900000000033,2,1.8490700000000033
2467,4,1.8502200000000033,0,1.8508400000000034
2469,1,1.8516600000000034,0,1.8530100000000034
2473,3,1.8561800000000033,0,1.8578600000000032
2475,1,1.858560000000003,1,1.860190000000003
2481,4,1.8625300000000031,1,1.8687000000000031
2485,2,1.8740400000000033,0,1.8748800000000032
2487,1,1.8769100000000032,1,1.877560000000003
2490,1,1.878530000000003,2,1.879830000000003
2494,1,1.880550000000003,0,1.881970000000003
2497,2,1.882920000000003,0,1.883090000000003
2500,2,1.8836000000000028,0,1.8839400000000028
2503,2,1.8848400000000027,3,1.8890600000000028
2510,3,1.8925300000000025,1,1.8929500000000026
2514,2,1.8936200000000025,1,1.8944000000000025
2518,2,1.8986200000000024,1,1.8999300000000026
2522,2,1.9001100000000024,1,1.9006600000000025
2526,2,1.9019900000000025,0,1.9023200000000025
2531,4,1.9079700000000026,0,1.9101300000000025
2534,2,1.9155100000000025,1,1.9172600000000024
2538,2,1.9180000000000024,0,1.9187800000000024
2540,1,1.9198200000000023,0,1.9220700000000024
2542,1,1.9225300000000023,0,1.9254600000000024
2544,1,1.9256700000000024,0,1.9266100000000024
2546,1,1.9269600000000024,1,1.9283600000000025
2549,1,1.9311200000000026,1,1.9334700000000025
2552,1,1.9337300000000024,1,1.9352800000000023
2555,1,1.9356200000000023,1,1.9398400000000025
2558,1,1.9411700000000023,0,1.9413200000000024
2561,2,1.9421100000000022,0,1.9429300000000023
2563,1,1.9431400000000023,1,1.9445500000000024
2567,2,1.9453500000000021,0,1.9456500000000023
2571,3,1.951580000000002,2,1.953180000000002
2575,1,1.9536800000000019,1,1.9549300000000018
2578,1,1.9551200000000017,0,1.9562500000000016
2583,4,1.9601700000000015,1,1.9609500000000013
2586,1,1.9611600000000013,0,1.9616100000000012
2589,2,1.961980000000001,1,1.962810000000001
2593,2,1.9684700000000008,0,1.9697200000000008
2596,2,1.9741400000000007,0,1.9749000000000008
2598,1,1.9761300000000008,1,1.977430000000001
2602,2,1.978550000000001,0,1.979300000000001
2604,1,1.980550000000001,0,1.9811400000000008
2609,4,1.9842700000000009,0,1.986040000000001
2611,1,1.986080000000001,1,1.989060000000001
2615,2,1.991160000000001,1,1.993640000000001
2618,1,1.9937300000000011,0,1.994740000000001
2621,2,1.995980000000001,1,2.000470000000001
2625,2,2.0013700000000005,0,2.0024700000000006
2627,1,2.0032600000000005,0,2.0065600000000003
2629,1,2.00809,0,2.00828
2632,2,2.0106699999999997,0,2.0122799999999996
2635,2,2.01339,1,2.01501
2642,5,2.01686,5,2.0218
2653,5,2.02942,0,2.03063
2655,1,2.03146,0,2.03163
2657,1,2.03326,0,2.03455
2659,1,2.0346699999999998,0,2.0348299999999995
2661,1,2.0361799999999994,0,2.0367699999999993
2663,1,2.0373399999999995,1,2.0386599999999993
2666,1,2.039159999999999,0,2.039509999999999
2668,1,2.040549999999999,3,2.0438899999999993
2673,1,2.0453899999999994,6,2.0518099999999997
2682,2,2.0528399999999998,1,2.0535799999999997
2687,3,2.0567899999999995,4,2.0623099999999996
2694,2,2.0636499999999995,0,2.0640899999999993
2696,1,2.0646199999999992,0,2.0665299999999993
2700,3,2.070359999999999,4,2.0740699999999985
2709,4,2.0770799999999983,1,2.0776499999999984
2712,1,2.0801399999999983,5,2.085699999999998
2723,5,2.089799999999998,0,2.090059999999998
2726,2,2.093469999999998,0,2.0936999999999983
2728,1,2.0973699999999984,3,2.1034099999999984
2733,1,2.1066899999999986,2,2.111549999999999
2739,3,2.116839999999999,0,2.1175499999999987
2743,3,2.122179999999999,1,2.124519999999999
2750,5,2.1337899999999985,2,2.1379099999999984
2758,5,2.142769999999998,0,2.1451999999999978
2760,1,2.1460699999999977,1,2.1471899999999975
2769,7,2.1607699999999976,1,2.165429999999998
2773,2,2.167099999999998,1,2.1681899999999974
2776,1,2.1682799999999975,0,2.1689399999999974
2778,1,2.1704099999999973,2,2.1722999999999972
2782,1,2.1746899999999973,0,2.1792599999999975
2785,2,2.181009999999998,0,2.182379999999998
2788,2,2.182539999999998,1,2.1844199999999985
2793,3,2.188279999999999,2,2.1908699999999994
2797,1,2.1911999999999994,0,2.1927599999999994
2799,1,2.1930099999999992,3,2.1951699999999996
2804,1,2.1959999999999997,2,2.2043299999999997
2809,2,2.2058299999999997,1,2.2087999999999997
2813,2,2.2099699999999998,1,2.2138
2816,1,2.21453,1,2.2148499999999998
2821,3,2.21723,0,2.2180299999999997
2823,1,2.21873,1,2.2196599999999997
2827,2,2.22008,1,2.22098
2831,2,2.22225,0,2.22307
2838,6,2.22587,0,2.22754
2841,2,2.2286799999999998,1,2.23513
2845,2,2.2397799999999997,0,2.24158
2848,2,2.24219,0,2.24269
2852,3,2.24354,0,2.24389
2855,2,2.24819,0,2.2485
2858,2,2.24925,0,2.2501100000000003
2860,1,2.2523500000000003,2,2.25395
2870,7,2.2590500000000002,1,2.2596600000000002
2875,3,2.2599099999999996,0,2.2610599999999996
2879,3,2.26247,2,2.26341
2884,2,2.2648399999999995,1,2.26685
2887,1,2.26801,2,2.2735699999999994
2895,5,2.27839,0,2.27908
2898,2,2.28173,2,2.28559
2903,2,2.2862299999999998,0,2.2872899999999996
2905,1,2.2881799999999997,1,2.2888599999999997
2910,3,2.29178,0,2.29244
2912,1,2.29245,2,2.2977600000000002
2916,1,2.29978,0,2.2998600000000002
2918,1,2.29991,0,2.3002200000000004
2920,1,2.3007800000000005,0,2.3009300000000006
2922,1,2.3012400000000004,2,2.3026
2926,1,2.30269,0,2.3035500000000004
2929,2,2.3038900000000004,0,2.3039400000000003
2931,1,2.3050100000000002,2,2.3060500000000004
2936,2,2.30833,0,2.3086300000000004
2940,3,2.3120200000000004,2,2.3160600000000002
2944,1,2.31626,1,2.3166900000000004
2949,3,2.31696,0,2.3176799999999997
2951,1,2.3198999999999996,0,2.3205799999999996
2962,10,2.3286,1,2.32883
2967,3,2.33195,3,2.33332
2973,2,2.33631,0,2.3374800000000002
2976,2,2.3381200000000004,3,2.3401900000000007
2982,2,2.3417200000000005,2,2.3435200000000007
2986,1,2.3446000000000007,7,2.3507300000000004
2995,1,2.3511800000000003,0,2.3515500000000005
2997,1,2.3516400000000006,2,2.354070000000001
3002,2,2.355030000000001,0,2.355980000000001
3004,1,2.357190000000001,1,2.359380000000001
3007,1,2.360120000000001,0,2.3602100000000013
3010,2,2.362820000000001,0,2.3644100000000012
3012,1,2.365890000000001,1,2.366880000000001
3015,1,2.367290000000001,1,2.368510000000001
3018,1,2.369100000000001,1,2.3706300000000007
3021,1,2.372890000000001,2,2.3749400000000005
3029,5,2.3787600000000007,0,2.380490000000001
3031,1,2.381120000000001,0,2.381390000000001
3036,4,2.386700000000001,1,2.3869900000000013
3040,2,2.3883400000000012,2,2.389660000000001
3044,1,2.390970000000001,0,2.3913900000000012
3049,4,2.401940000000001,0,2.402400000000001
3052,2,2.4041000000000006,1,2.40437
3055,1,2.40601,2,2.4077900000000008
3059,1,2.4082300000000005,0,2.4087000000000005
3061,1,2.4090500000000006,2,2.4108300000000007
3066,2,2.4115,1,2.41324
3070,2,2.41814,0,2.41882
3073,2,2.42031,1,2.42204
3076,1,2.4233599999999997,0,2.4250499999999997
3085,8,2.43482,0,2.43536
3087,1,2.43595,0,2.43764
3092,4,2.44184,2,2.44541
3096,1,2.44598,1,2.44746
3100,2,2.4487799999999997,0,2.4506699999999997
3102,1,2.4512599999999996,0,2.4514799999999997
3104,1,2.4522999999999997,0,2.45443
3107,2,2.45873,4,2.46227
3113,1,2.4636700000000005,2,2.4660700000000007
3119,3,2.4704200000000007,1,2.4718300000000006
3122,1,2.4724600000000008,6,2.47644
3132,3,2.47849,2,2.48073
3140,5,2.48401,0,2.4840999999999998
3144,3,2.4873199999999995,2,2.4901899999999992
3148,1,2.490499999999999,1,2.4918299999999993
3154,4,2.49407,2,2.4970399999999997
3159,2,2.5000299999999998,1,2.50202
3162,1,2.50246,0,2.5028300000000003
3166,3,2.5055300000000007,0,2.507580000000001
3168,1,2.5085000000000006,6,2.5172600000000003
3179,4,2.5201900000000004,0,2.5221300000000006
3181,1,2.522700000000001,1,2.524330000000001
3184,1,2.525370000000001,1,2.526190000000001
3187,1,2.526800000000001,1,2.527350000000001
3192,3,2.529130000000001,1,2.5294500000000015
3195,1,2.5300600000000015,2,2.5313300000000014
3199,1,2.5319400000000014,5,2.539560000000001
3208,3,2.541420000000001,1,2.542520000000001
3211,1,2.5431500000000007,2,2.546800000000001
3215,1,2.550200000000001,3,2.5583500000000017
3221,2,2.5616800000000017,2,2.564260000000002
3225,1,2.5644800000000023,0,2.5650100000000022
3227,1,2.5663000000000022,0,2.5673900000000023
3230,2,2.572510000000002,0,2.573500000000002
3236,5,2.5748900000000017,0,2.5757800000000017
3238,1,2.575930000000002,1,2.5767200000000017
3241,1,2.5774300000000014,3,2.5802400000000016
3246,1,2.580470000000002,0,2.5809300000000017
3248,1,2.5813800000000016,1,2.5865800000000014
3251,1,2.5876500000000013,0,2.588310000000001
3255,3,2.590750000000001,0,2.5920400000000012
3257,1,2.5929400000000014,0,2.5929600000000015
3259,1,2.5949400000000016,0,2.5958800000000015
3261,1,2.5971000000000015,2,2.6004700000000014
3265,1,2.6013700000000015,1,2.601990000000001
3269,2,2.6049400000000014,1,2.6054000000000017
3272,1,2.6059100000000015,2,2.6075600000000017
3281,6,2.6111400000000016,0,2.6117700000000017
3286,4,2.615310000000002,1,2.6170300000000015
3289,1,2.6171200000000017,0,2.6176700000000017
3291,1,2.618190000000002,3,2.620850000000002
3300,5,2.624210000000002,1,2.626280000000002
3303,1,2.6277800000000022,2,2.629470000000002
3308,2,2.631140000000002,0,2.631540000000002
3310,1,2.632190000000002,2,2.633860000000002
3314,1,2.634520000000002,1,2.6359800000000018
3319,3,2.6381400000000017,0,2.6408300000000016
3321,1,2.6416800000000014,2,2.6432200000000012
3325,1,2.6443300000000014,0,2.6448000000000014
3327,1,2.6452100000000014,0,2.646600000000001
3330,2,2.6480200000000007,0,2.648310000000001
3332,1,2.6484000000000005,1,2.65071
3335,1,2.65078,0,2.6518100000000002
3337,1,2.6518300000000004,0,2.6520100000000006
3341,3,2.6529800000000012,1,2.6539300000000012
3347,4,2.6613700000000016,1,2.6634900000000017
3350,1,2.6637300000000015,0,2.6641100000000013
3352,1,2.664130000000001,1,2.664830000000001
3357,3,2.666190000000001,3,2.670170000000001
3363,2,2.671990000000001,1,2.6749600000000013
3366,1,2.675140000000001,1,2.677110000000001
3369,1,2.6775200000000012,2,2.6823000000000015
3374,2,2.6848600000000014,0,2.6850100000000015
3379,4,2.686120000000001,1,2.6870600000000016
3382,1,2.6876800000000016,2,2.6898000000000017
3386,1,2.6899900000000017,0,2.6907300000000016
3390,3,2.6937500000000014,0,2.6943800000000016
3394,3,2.6996400000000014,0,2.699880000000001
3398,3,2.7026200000000014,1,2.7043700000000013
3402,2,2.7061000000000015,1,2.7082100000000016
3406,2,2.7102300000000015,0,2.7103800000000016
3409,2,2.7127400000000015,0,2.7127800000000013
3413,3,2.7165700000000017,5,2.7250800000000015
3420,1,2.7265500000000014,0,2.7267100000000015
3422,1,2.7268800000000013,1,2.728130000000001
3431,7,2.733500000000002,4,2.7370300000000016
3437,1,2.7403500000000016,3,2.7433200000000015
3443,2,2.7446700000000015,0,2.7458600000000013
3445,1,2.746850000000001,0,2.7488400000000013
3447,1,2.7490500000000013,0,2.7500700000000013
3450,2,2.7549200000000016,1,2.7570700000000015
3454,2,2.7592700000000017,0,2.7635500000000017
3456,1,2.7640600000000015,1,2.7651600000000016
3460,2,2.7660800000000014,1,2.767940000000001
3463,1,2.769340000000001,3,2.7752600000000007
3468,1,2.775900000000001,1,2.777460000000001
3472,2,2.780220000000001,0,2.780770000000001
3474,1,2.781460000000001,1,2.7828100000000013
3477,1,2.7828700000000013,2,2.786080000000001
3481,1,2.787090000000001,0,2.787310000000001
3485,3,2.7898700000000014,0,2.7922300000000013
3489,3,2.793380000000001,0,2.793640000000001
3491,1,2.795090000000001,0,2.797290000000001
3502,10,2.802800000000001,3,2.804780000000001
3507,1,2.804860000000001,0,2.805270000000001
3509,1,2.806080000000001,0,2.806610000000001
3511,1,2.807860000000001,2,2.8118700000000008
3515,1,2.812900000000001,0,2.812990000000001
3519,3,2.816090000000001,0,2.816290000000001
3521,1,2.816960000000001,0,2.817310000000001
3526,4,2.8212800000000007,0,2.8219300000000005
3528,1,2.8222700000000005,0,2.8227600000000006
3531,2,2.8249500000000003,0,2.8252800000000002
3534,2,2.8262800000000006,2,2.8278100000000004
3543,6,2.83048,0,2.83115
3547,3,2.83228,0,2.83229
3549,1,2.83464,0,2.8353599999999997
3554,4,2.8396399999999993,0,2.8415999999999992
3556,1,2.8417699999999995,0,2.8429399999999996
3558,1,2.84338,0,2.84392
3563,4,2.8481099999999997,1,2.85309
3568,3,2.85452,5,2.8567399999999994
3575,1,2.8569499999999994,0,2.8582099999999993
3577,1,2.8585699999999994,1,2.859479999999999
3583,4,2.8629699999999993,0,2.8638199999999996
3585,1,2.8639899999999994,1,2.8644799999999995
3588,1,2.8649699999999996,4,2.86719
3595,2,2.8677599999999996,3,2.8698899999999994
3600,1,2.8700299999999994,0,2.8704499999999995
3602,1,2.8712299999999997,0,2.8718999999999997
3606,3,2.8740299999999994,2,2.8744999999999994
3615,6,2.8788099999999996,0,2.8798199999999996
3617,1,2.8799899999999994,0,2.8813199999999997
3620,2,2.8826099999999997,3,2.8859099999999995
3625,1,2.8863799999999995,3,2.8900699999999993
3630,1,2.890129999999999,0,2.890929999999999
3634,3,2.8922399999999993,1,2.892909999999999
3638,2,2.8940699999999993,0,2.895619999999999
3640,1,2.8963899999999994,0,2.8976599999999992
3642,1,2.8987599999999993,3,2.9036599999999995
3648,2,2.907209999999999,2,2.9122499999999993
3654,3,2.9146999999999994,0,2.9161699999999993
3658,3,2.9184099999999993,1,2.9237099999999994
3662,2,2.92581,1,2.9265999999999996
3665,1,2.9269599999999993,0,2.9280099999999996
3667,1,2.9283099999999997,0,2.9284899999999996
3670,2,2.9291,1,2.93437
3673,1,2.93447,0,2.93467
3675,1,2.93562,1,2.9397300000000004
3679,2,2.94085,1,2.94207
3682,1,2.94302,0,2.9454800000000003
3684,1,2.9469000000000003,0,2.94754
3687,2,2.94844,0,2.9486600000000003
3689,1,2.94883,0,2.9494100000000003
3692,2,2.9504000000000006,0,2.951180000000001
3694,1,2.951970000000001,0,2.952660000000001
3696,1,2.9545000000000012,0,2.954620000000001
3698,1,2.954630000000001,0,2.9553800000000012
3703,4,2.9579000000000013,0,2.9582600000000014
3705,1,2.9597300000000013,2,2.9615100000000014
3709,1,2.9620600000000015,0,2.9620700000000015
3712,2,2.9629900000000013,0,2.964380000000001
3714,1,2.965590000000001,0,2.966760000000001
3717,2,2.968280000000001,0,2.968880000000001
3719,1,2.969360000000001,0,2.969570000000001
3721,1,2.970160000000001,2,2.971400000000001
3726,2,2.974250000000001,1,2.976610000000001
3729,1,2.977580000000001,0,2.977780000000001
3732,2,2.9804600000000008,2,2.9821500000000007
3736,1,2.9829500000000007,0,2.9837800000000008
3739,2,2.986010000000001,0,2.9863100000000014
3742,2,2.988050000000001,2,2.9889300000000016
3748,3,2.9901200000000014,1,2.992090000000001
3752,2,2.9942200000000008,0,2.9942600000000006
3754,1,2.9944200000000007,2,2.995850000000001
3758,1,2.996120000000001,0,2.996960000000001
3760,1,2.9974700000000007,0,2.9985100000000005
3762,1,2.9997000000000003,6,3.0034600000000005
3770,1,3.0041500000000005,0,3.0049700000000006
3773,2,3.006730000000001,2,3.0090400000000006
3777,1,3.0108700000000006,2,3.014460000000001
3781,1,3.015630000000001,3,3.0173900000000016
3789,4,3.0186100000000016,0,3.0186400000000013
3791,1,3.0202800000000014,1,3.0214200000000013
3794,1,3.0221000000000013,0,3.0229000000000013
3797,2,3.024350000000001,0,3.026390000000001
3801,3,3.029440000000001,3,3.031810000000001
3806,1,3.032010000000001,1,3.0329900000000007
3809,1,3.0339400000000007,0,3.0341800000000005
3812,2,3.0352600000000005,1,3.0368500000000003
3817,3,3.04474,0,3.04518
3820,2,3.04771,0,3.0493099999999997
3824,3,3.0500299999999996,1,3.0517599999999994
3827,1,3.0520399999999994,0,3.0532899999999996
3829,1,3.05333,1,3.05346
3833,2,3.05363,0,3.0538
3836,2,3.05438,0,3.05445
3838,1,3.0544900000000004,0,3.05473
3841,2,3.05671,0,3.05734
3843,1,3.0580499999999997,2,3.05986
3847,1,3.06097,0,3.0614100000000004
3849,1,3.0615100000000006,0,3.0628200000000008
3852,2,3.0644800000000005,0,3.0650100000000005
3854,1,3.0651900000000003,4,3.0677900000000005
3861,2,3.0701100000000006,0,3.0708900000000003
3863,1,3.0712900000000003,0,3.07146
3867,3,3.07301,6,3.0790000000000006
3880,6,3.0846000000000005,2,3.0860700000000003
3887,4,3.0880000000000005,1,3.0886200000000006
3890,1,3.0887100000000007,1,3.0907900000000006
3893,1,3.0915400000000006,3,3.0939
3900,3,3.0957,0,3.09637
3902,1,3.0966,0,3.09689
3904,1,3.0974500000000003,3,3.0978700000000003
3910,2,3.0987300000000007,0,3.0987400000000007
3913,2,3.0990100000000007,0,3.0996600000000005
3915,1,3.0998800000000006,0,3.1009700000000007
3917,1,3.101140000000001,0,3.101530000000001
3920,2,3.102040000000001,3,3.1031800000000014
3925,1,3.104240000000001,0,3.105980000000001
3927,1,3.107040000000001,2,3.115580000000001
3931,1,3.117010000000001,0,3.117150000000001
3934,2,3.118050000000001,0,3.1200400000000013
3938,3,3.1231100000000014,1,3.124550000000001
3941,1,3.126060000000001,0,3.126600000000001
3943,1,3.127620000000001,0,3.1286000000000014
3949,5,3.131480000000001,0,3.132370000000001
3951,1,3.1325400000000014,1,3.1342200000000013
3954,1,3.134800000000001,6,3.137910000000001
3962,1,3.138810000000001,0,3.1395000000000013
3966,3,3.141700000000001,0,3.142190000000001
3972,5,3.1464100000000013,2,3.149480000000001
3976,1,3.150000000000001,0,3.150820000000001
3978,1,3.152040000000001,2,3.1548100000000012
3982,1,3.155950000000001,1,3.1592300000000013
3985,1,3.1597900000000014,1,3.160840000000001
3988,1,3.162190000000001,1,3.162840000000001
3991,1,3.1632700000000007,0,3.1649400000000005
3993,1,3.1656300000000006,0,3.1662800000000004
3995,1,3.1664700000000003,0,3.1675900000000006
4000,4,3.1693800000000003,0,3.1699
4007,6,3.17389,2,3.1751000000000005
4015,5,3.1789400000000003,1,3.1809700000000003
4018,1,3.1816200000000006,2,3.1835500000000003
4022,1,3.1839100000000005,0,3.1843000000000004
4026,3,3.18534,0,3.18537
4030,3,3.18548,0,3.1858
4033,2,3.18771,1,3.18855
4038,3,3.1911400000000003,1,3.1929800000000004
4041,1,3.1937,0,3.19505
4044,2,3.19689,0,3.19854
4047,2,3.19969,1,3.20116
4051,2,3.20184,2,3.20283
4055,1,3.20428,1,3.2058799999999996
4058,1,3.2062699999999995,2,3.20923
4063,2,3.2113799999999997,0,3.2125399999999997
4065,1,3.2142899999999996,0,3.2143699999999997
4067,1,3.2146999999999997,0,3.21533
4070,2,3.2179199999999994,1,3.2183399999999995
4073,1,3.2184999999999997,1,3.2198799999999994
4077,2,3.2204899999999994,0,3.2215499999999992
4079,1,3.2235499999999995,0,3.2236499999999992
4081,1,3.223849999999999,2,3.225509999999999
4089,5,3.230319999999999,1,3.230739999999999
4092,1,3.232109999999999,0,3.2326099999999993
4094,1,3.2328899999999994,0,3.233679999999999
4097,2,3.2347199999999994,0,3.234959999999999
4100,2,3.2370099999999993,0,3.2374799999999992
4103,2,3.238389999999999,1,3.2397199999999993
4106,1,3.239839999999999,5,3.2421799999999994
4113,1,3.243709999999999,2,3.2448299999999994
4117,1,3.245259999999999,0,3.245849999999999
4120,2,3.2466999999999993,0,3.2471699999999992
4122,1,3.247769999999999,2,3.249639999999999
4126,1,3.251729999999999,1,3.2550499999999993
4129,1,3.255769999999999,5,3.2650599999999996
4136,1,3.2667399999999995,0,3.2671899999999994
4139,2,3.2704199999999997,2,3.2733
4144,2,3.27449,0,3.27569
4146,1,3.27609,3,3.2769500000000003
4152,2,3.27909,0,3.27957
4154,1,3.2798100000000003,0,3.2798100000000003
4158,3,3.282730000000001,1,3.2833300000000003
4161,1,3.2838200000000004,0,3.2839400000000003
4163,1,3.28426,0,3.2865100000000003
4165,1,3.2876000000000003,0,3.2883200000000006
4167,1,3.2883500000000003,0,3.2899200000000004
4169,1,3.2899900000000004,0,3.2904500000000003
4174,4,3.29188,0,3.2931299999999997
4176,1,3.2940199999999997,0,3.2946599999999995
4178,1,3.2949799999999994,1,3.2958499999999993
4181,1,3.296839999999999,1,3.2974999999999994
4184,1,3.2975099999999995,0,3.2981399999999996
4186,1,3.2981599999999998,0,3.29818
4188,1,3.3005199999999997,4,3.30368
4195,2,3.3045299999999997,0,3.3055
4197,1,3.30571,3,3.3092300000000003
4202,1,3.3093200000000005,1,3.3099300000000005
4205,1,3.3102000000000005,1,3.31083
4209,2,3.31233,0,3.31313
4217,7,3.3168799999999994,0,3.3169299999999993
4219,1,3.317099999999999,2,3.318859999999999
4224,2,3.3210799999999994,2,3.3214199999999994
4228,1,3.3225699999999994,0,3.3229799999999994
4230,1,3.3230899999999997,1,3.3249299999999997
4233,1,3.32535,1,3.32583
4236,1,3.32707,1,3.32973
4244,6,3.3313599999999997,1,3.3331299999999997
4247,1,3.3345199999999995,4,3.3376099999999993
4253,1,3.3376799999999993,2,3.3401199999999993
4257,1,3.3401899999999993,0,3.3408699999999993
4262,4,3.3436299999999988,2,3.345979999999999
4267,2,3.347079999999999,1,3.3490399999999996
4271,2,3.3504499999999995,4,3.3526299999999996
4277,1,3.3533099999999996,2,3.3559299999999994
4281,1,3.3566499999999992,1,3.3582299999999994
4286,3,3.3611999999999993,1,3.3637399999999995
4289,1,3.3640599999999994,2,3.364629999999999
4293,1,3.364869999999999,0,3.3653199999999988
4296,2,3.368809999999999,0,3.369359999999999
4298,1,3.370439999999999,4,3.3726599999999993
4306,3,3.3737699999999995,2,3.3768899999999995
4310,1,3.3774599999999992,2,3.378959999999999
4314,1,3.3800099999999986,0,3.381129999999999
4316,1,3.381999999999999,0,3.3832099999999987
4318,1,3.3836499999999985,0,3.3853099999999987
4322,3,3.3858399999999986,1,3.3861899999999987
4326,2,3.387719999999999,1,3.388959999999999
4332,4,3.391309999999999,0,3.392059999999999
4336,3,3.396179999999999,0,3.397079999999999
4338,1,3.397569999999999,0,3.397759999999999
4340,1,3.397799999999999,0,3.399089999999999
4342,1,3.3998199999999987,2,3.402159999999999
4348,3,3.4031599999999993,3,3.4038999999999993
4353,1,3.4039399999999995,0,3.4047399999999994
4356,2,3.4052,3,3.40725
4362,2,3.40768,3,3.4108600000000004
4368,2,3.41183,4,3.4145800000000004
4375,2,3.4154100000000005,0,3.4155900000000003
4377,1,3.4159100000000002,2,3.4175700000000004
4381,1,3.4177900000000005,1,3.4181900000000005
4384,1,3.4195800000000007,1,3.4220100000000007
4388,2,3.424270000000001,0,3.426650000000001
4392,3,3.4280300000000006,0,3.4287900000000007
4395,2,3.429500000000001,1,3.430970000000001
4398,1,3.431560000000001,0,3.431750000000001
4400,1,3.432150000000001,0,3.432630000000001
4402,1,3.433420000000001,0,3.433490000000001
4405,2,3.435940000000001,1,3.437110000000001
4408,1,3.437210000000001,0,3.437330000000001
4410,1,3.437930000000001,0,3.4387800000000013
4413,2,3.440290000000001,0,3.440590000000001
4415,1,3.441790000000001,1,3.442310000000001
4418,1,3.4425600000000007,0,3.443200000000001
4420,1,3.444500000000001,0,3.448090000000001
4422,1,3.448590000000001,4,3.453400000000001
4428,1,3.454760000000001,1,3.455880000000001
4433,3,3.456860000000001,0,3.457400000000001
4437,3,3.458260000000001,0,3.458490000000001
4440,2,3.458930000000001,0,3.459330000000001
4442,1,3.459850000000001,5,3.464230000000002
4449,1,3.464910000000002,0,3.465740000000002
4452,2,3.466680000000002,1,3.4678100000000023
4455,1,3.4678200000000023,1,3.468650000000002
4459,2,3.469520000000002,0,3.470210000000002
4462,2,3.472240000000002,1,3.473830000000002
4465,1,3.474370000000002,1,3.4756700000000023
4468,1,3.476180000000002,2,3.477080000000002
4474,3,3.478620000000002,1,3.479640000000002
4479,3,3.4810800000000017,1,3.481680000000002
4482,1,3.481800000000002,0,3.481950000000002
4484,1,3.482050000000002,0,3.482340000000002
4488,3,3.4831800000000017,0,3.483400000000002
4490,1,3.4837100000000016,2,3.4848100000000017
4494,1,3.485790000000002,4,3.4913100000000017
4501,2,3.4931100000000015,0,3.4939700000000014
4504,2,3.4941200000000014,0,3.4943100000000014
4506,1,3.4945800000000014,0,3.4950500000000013
4509,2,3.495490000000001,0,3.499390000000001
4514,4,3.5068800000000007,1,3.5088200000000005
4518,2,3.5114000000000005,0,3.5116900000000006
4520,1,3.5133600000000005,1,3.5148200000000007
4523,1,3.516490000000001,1,3.523810000000001
4527,2,3.525130000000001,1,3.5260200000000013
4531,2,3.527450000000001,1,3.530050000000001
4534,1,3.531340000000001,1,3.5334100000000013
4537,1,3.5339100000000014,1,3.5354600000000014
4541,2,3.5382000000000016,1,3.539620000000001
4546,3,3.5435400000000015,4,3.548650000000001
4552,1,3.5490700000000013,1,3.5496400000000015
4555,1,3.5505200000000015,0,3.5506100000000016
4559,3,3.5530100000000013,0,3.5547600000000013
4561,1,3.5554400000000013,0,3.555790000000001
4564,2,3.5564400000000003,2,3.55901
4569,2,3.5610299999999997,1,3.5623899999999997
4573,2,3.5638899999999993,1,3.5652099999999995
4576,1,3.5657699999999997,0,3.5663199999999997
4579,2,3.5673099999999995,3,3.5690199999999996
4584,1,3.5698399999999992,0,3.570169999999999
4587,2,3.570789999999999,2,3.572849999999998
4594,4,3.5776999999999983,0,3.5788599999999984
4596,1,3.5801699999999985,0,3.5805899999999986
4598,1,3.5807799999999985,0,3.5814699999999986
4600,1,3.5824199999999986,0,3.5829699999999987
4603,2,3.5864599999999984,0,3.5869599999999986
4605,1,3.5889299999999986,0,3.590649999999999
4608,2,3.5932299999999984,0,3.5936899999999983
4610,1,3.5953399999999984,0,3.5958199999999985
4612,1,3.5963399999999983,0,3.597059999999998
4616,3,3.600259999999998,2,3.6023599999999982
4620,1,3.6025799999999983,0,3.6029699999999982
4623,2,3.603679999999998,1,3.604289999999998
4626,1,3.604409999999998,1,3.604749999999998
4631,3,3.606459999999998,5,3.6100799999999973
4640,3,3.6117899999999974,1,3.6122899999999976
4644,2,3.6133699999999975,0,3.6151699999999973
4647,2,3.6170899999999975,1,3.618669999999997
4651,2,3.6204399999999977,2,3.6245799999999977
4655,1,3.6255999999999977,0,3.6256599999999977
4658,2,3.625799999999998,0,3.626059999999998
4661,2,3.627159999999998,1,3.6281199999999982
4671,8,3.6372799999999983,3,3.6391299999999984
4676,1,3.6393799999999983,1,3.6405199999999986
4679,1,3.640949999999999,1,3.641869999999999
4682,1,3.642019999999999,0,3.643039999999999
4686,3,3.6465299999999994,0,3.6481699999999995
4689,2,3.6484699999999997,0,3.6486199999999998
4691,1,3.6513099999999996,1,3.6521899999999996
4698,5,3.65589,1,3.6596699999999998
4701,1,3.6598699999999997,0,3.66036
4704,2,3.6609299999999996,2,3.6622799999999995
4709,2,3.6632199999999995,1,3.6639199999999996
4713,2,3.6644799999999993,0,3.664939999999999
4715,1,3.665119999999999,1,3.667749999999999
4718,1,3.668579999999999,2,3.6695299999999986
4722,1,3.669629999999999,1,3.670119999999999
4725,1,3.670639999999999,0,3.6708199999999986
4728,2,3.673579999999999,2,3.676579999999999
4733,2,3.678279999999999,2,3.682349999999999
4738,2,3.6845099999999986,0,3.6848599999999987
4740,1,3.685759999999999,4,3.688659999999999
4747,2,3.6899799999999994,0,3.6902599999999994
4749,1,3.6905099999999993,0,3.6912899999999995
4751,1,3.6914699999999994,1,3.6923599999999994
4755,2,3.6926599999999996,1,3.6945799999999998
4760,3,3.69561,0,3.6960499999999996
4764,3,3.6996599999999993,0,3.7006699999999992
4766,1,3.701399999999999,0,3.702759999999999
4770,3,3.7039999999999993,0,3.704699999999999
4773,2,3.710269999999999,0,3.710629999999999
4775,1,3.7107399999999995,1,3.7113299999999994
4778,1,3.711709999999999,2,3.712769999999999
4783,2,3.713379999999999,0,3.7159999999999993
4785,1,3.718609999999999,0,3.719849999999999
4787,1,3.7214299999999993,1,3.7230199999999996
4791,2,3.7240699999999998,1,3.7252699999999996
4796,3,3.72766,1,3.7300200000000006
4799,1,3.7305000000000006,3,3.732230000000001
4807,4,3.733680000000001,0,3.734520000000001
4810,2,3.7416800000000014,2,3.7441100000000014
4816,3,3.7462500000000007,0,3.7466400000000006
4819,2,3.748180000000001,0,3.748740000000001
4821,1,3.7492400000000012,1,3.7501900000000012
4824,1,3.7510400000000015,1,3.751320000000001
4830,4,3.754510000000001,0,3.754760000000001
4832,1,3.754890000000001,0,3.755650000000001
4834,1,3.755810000000001,0,3.755840000000001
4837,2,3.7570100000000006,0,3.757720000000001
4839,1,3.7579100000000007,1,3.758430000000001
4842,1,3.7593500000000013,0,3.7604400000000013
4846,3,3.7625300000000013,1,3.7628000000000013
4850,2,3.763540000000001,1,3.765280000000001
4853,1,3.7671400000000013,1,3.767930000000001
4858,3,3.7689800000000013,0,3.7690800000000015
4861,2,3.7718800000000012,3,3.773220000000001
4866,1,3.773470000000001,0,3.7737100000000012
4868,1,3.7738500000000013,0,3.7743200000000012
4870,1,3.7748000000000013,0,3.775330000000001
4872,1,3.775990000000001,0,3.776350000000001
4876,3,3.7791600000000014,3,3.7831500000000013
4883,3,3.7859900000000013,0,3.787600000000001
4885,1,3.787910000000001,0,3.788170000000001
4887,1,3.788440000000001,1,3.791150000000001
4890,1,3.7923400000000007,1,3.7951700000000006
4893,1,3.7958900000000004,0,3.7960900000000004
4896,2,3.796830000000001,0,3.797410000000001
4901,4,3.801720000000001,3,3.8039300000000007
4906,1,3.8040500000000006,0,3.8062500000000004
4910,3,3.8088500000000005,0,3.8089500000000007
4914,3,3.8112200000000005,4,3.8153600000000005
4921,2,3.816650000000001,0,3.817140000000001
4925,3,3.818100000000001,0,3.818620000000001
4928,2,3.8201500000000013,1,3.825920000000001
4935,5,3.8294400000000013,0,3.830510000000001
4940,4,3.833140000000001,6,3.8371800000000014
4950,3,3.8390700000000013,0,3.8392000000000013
4952,1,3.8394300000000015,1,3.8404800000000017
4955,1,3.8412700000000015,0,3.8414700000000015
4960,4,3.8435700000000015,0,3.8435700000000015
4963,2,3.8440800000000017,2,3.8452300000000017
4967,1,3.845460000000002,5,3.851150000000002
4974,1,3.851250000000002,0,3.851500000000002
4977,2,3.852430000000002,3,3.856600000000002
4982,1,3.857710000000002,2,3.8589400000000023
4986,1,3.859930000000002,0,3.860590000000002
4989,2,3.8624600000000022,0,3.8630900000000024
4995,5,3.866090000000002,1,3.866570000000002
